name,index,x1,x2,x3,x4,x5,x6,x7,x8,x9,x10,x11,x12,x13,x14,x15,x16,x17,x18,x19,x20,x21,x22,x23,x24,x25,x26,x27,x28,x29,x30,x31,x32,x33,x34,x35,x36,x37,x38,x39,x40,x41,x42,x43,x44,x45,x46,x47,x48,x49,x50,x51,x52,x53,x54,x55,x56,x57,x58,x59,x60,x61,x62,target,batch
Molecule_156,156,0.324948134,0.495812403,-0.035264858,-0.024733726,-0.029999228,0.674996783,0.805,0.797718541,1.403454455,0.003426602,0.003265501,-0.568902976,-0.69925222,-0.9653254,-0.026999871,-0.018203367,-0.022468997,1.732735914,4.965996783,1.511531775,24.55222063,6.682545007,0.094017531,0.002,0.09147067,0.204743795,0.529912557,1.002743243,-0.182999614,-0.10520208,-0.144468096,0.347469383,0.587794702,5.534735142,3.846158136,57.30319438,19.05253242,1.562840184,0.001,0.005734499,1.55607305,-108.2349569,0.452788925,-109.6523629,8.18577879,-7.040769866,-6.587930452,-7.371063848,57795.01248,1380416.378,374.3249287,2.612747254,16.75236859,16.75236859,1.216725482,-12.57388877,0.576690046,71.77777778,537.607,495.271,537.261542,195,5.0,0.0
Molecule_160,160,0.326207557,0.498180076,-0.031885287,-0.025770573,-0.02882793,0.673910224,0.805,0.787239398,1.393698252,0.003217207,0.003057357,-0.582452017,-0.701822119,-0.975991895,-0.027057357,-0.02617207,-0.02617207,1.73734414,4.964024937,1.507286783,24.87448628,6.726024937,0.096157856,0.002,0.093975063,0.196045845,0.528105611,0.978495885,-0.179713217,-0.123541147,-0.151598503,0.346,0.580942643,5.545114713,3.716443888,57.36030175,19.06268828,1.638179801,0.001,0.007114713,1.63037656,-153.8042964,0.50730723,-155.7441523,9.993339251,-7.168367084,-6.661074067,-7.432036909,107916.5768,2516540.622,504.8131208,2.660526437,17.67351028,17.67351028,1.481550076,-13.20347999,0.267856868,62.32,737.845,679.381,737.3776344,275,6.0,0.0
Molecule_385,385,0.321566517,0.49204264,-0.031929894,-0.025081602,-0.028081602,0.678113815,0.805,0.804662036,1.408616056,0.003389427,0.003,-0.568727236,-0.705997178,-0.97095207,-0.023978145,-0.017387288,-0.021129853,1.732094231,4.97408969,1.511708081,24.54829115,6.682183648,0.092664317,0.002,0.090097639,0.190367357,0.528454385,0.983127518,-0.171258573,-0.124753997,-0.148442494,0.34328156,0.585263317,5.542219543,3.763501765,57.39858407,19.0683345,1.597215802,0.00104598,0.005024125,1.591057873,-134.3590593,0.497155288,-136.0383186,8.53422578,-6.978042198,-6.480953575,-7.245841591,84718.44539,1991193.178,448.0785178,2.589295911,17.02127004,17.02127004,1.682415557,-13.56726406,0.476315766,72.0,651.751,599.335,651.3296215,241,7.0,0.0
Molecule_555,555,0.314730108,0.485060117,-0.031999942,-0.035,-0.033999961,0.684999904,0.805,0.818999614,1.421999653,0.002699986,0.002999981,-0.600902167,-0.716880005,-0.982789826,-0.034000096,-0.043000193,-0.038000154,1.735000154,4.981999846,1.497999788,25.32600147,6.786000174,0.110800264,0.001999981,0.10900027,0.20771184,0.528380052,0.988120423,-0.126999672,-0.163999961,-0.145999807,0.353000019,0.568999865,5.550000058,2.898002392,57.28400085,19.05000014,1.637299352,0.003999981,0.006,1.626999363,-145.5191462,0.473775858,-147.4466764,10.39893889,-7.262694811,-6.788896134,-7.48009566,114732.1463,2891253.107,530.998711,2.701299375,17.22324162,17.22324162,1.836759485,-13.89195758,0.322071986,65.20833333,739.025,677.537,738.3620593,265,9.0,0.0
Molecule_610,610,0.32081,0.49096,-0.026,-0.033,-0.029,0.679,0.805,0.793,1.399,0.0022,0.002,-0.59684331,-0.71573,-0.97693,-0.038,-0.046,-0.042,1.742,4.974,1.497,25.231,6.773,0.1209,0.002,0.119,0.21059876,0.53198,1.00245,-0.088,-0.16,-0.124,0.354,0.563,5.551,3.032,57.265,19.046,1.6529,0.004,0.006,1.643,-129.6276646,0.41820254,-131.5237265,6.778,-7.0662,-6.648,-7.3148,96626.39336,2545521.266,496.432165,2.807,16.38436366,16.38436366,1.24603269,-13.00214052,0.341601114,61.6,683.904,635.52,683.2623452,237,10.0,0.0
Molecule_623,623,0.322862267,0.493540249,-0.032,-0.022,-0.027,0.677,0.805,0.798546588,1.403546588,0.003622671,0.004,-0.569082023,-0.701204813,-0.968462326,-0.024773294,-0.013546588,-0.018773294,1.731773294,4.969453412,1.513226706,24.55535435,6.682692587,0.092922671,0.002,0.091,0.20962926,0.527440286,0.999843784,-0.169639764,-0.102906824,-0.136546588,0.344319882,0.589906824,5.538453412,3.837903879,57.27089435,19.04790682,1.62533999,0.001,0.006,1.618481296,-135.8429742,0.420602104,-137.6768339,7.788925183,-6.869927,-6.449287825,-7.237842847,104869.8993,2653012.555,508.7527362,2.797758625,18.14721813,18.14721813,1.94349293,-14.25822834,0.411297115,68.62222222,696.0,635.52,695.3562456,249,12.0,0.0
Molecule_710,710,0.32465,0.49553,-0.023,-0.024,-0.023,0.675,0.805,0.764,1.373,0.0028,0.003,-0.59075865,-0.71033,-0.97591,-0.033,-0.036,-0.034,1.743,4.968,1.501,25.08,6.753,0.1286,0.002,0.127,0.24923436,0.53426,1.01167,-0.079,-0.109,-0.094,0.353,0.567,5.545,3.261,57.011,19.004,1.8557,0.004,0.007,1.845,-194.0849459,0.03332526,-196.7603843,11.376,-7.4497,-7.4164,-7.8448,205698.503,5067582.235,706.395808,3.4767,19.42359322,19.42359322,2.012412209,-15.83526925,0.137458023,60.30769231,967.36,885.712,966.5134745,355,13.0,0.0
Molecule_755,755,0.306508401,0.475200572,-0.02300206,-0.034991392,-0.028996726,0.692991919,0.805,0.870947476,1.465954551,0.002601294,0.003001214,-0.60807535,-0.73116263,-0.982418198,-0.021001054,-0.047974542,-0.034987111,1.731995512,4.998987478,1.475029098,25.53620615,6.811895488,0.116188899,0.001001214,0.114988212,0.171140128,0.512328086,0.978339261,-0.097025251,-0.161970742,-0.12899842,0.346992079,0.594001054,5.546998626,3.213360878,57.52589174,19.08998198,1.7565151,0.002999153,0.00899778,1.744018637,-215.3190436,0.447309355,-218.3669644,5.241342824,-7.249688898,-6.802328221,-7.502741164,256781.9067,6315842.646,789.9618114,3.071383135,19.97501976,19.97501976,1.581560017,-16.10995963,0.130193246,59.97260274,1071.512,981.8,1070.576075,395,15.0,0.0
Molecule_770,770,0.304145034,0.473476164,-0.02714723,-0.034605176,-0.030878362,0.695442586,0.805,0.900738558,1.491195108,0.002441105,0.002055956,-0.624000172,-0.734564565,-0.987189818,-0.018208003,-0.049935487,-0.034543586,1.734893359,5.000006583,1.462522741,25.94745234,6.865565942,0.106465225,0.0010305,0.104636311,0.167673007,0.510039924,0.969515727,-0.134965829,-0.15905765,-0.146524535,0.346034456,0.600647868,5.543723674,3.212395464,57.54830825,19.09405098,1.695023438,0.002939,0.007940088,1.683947669,-169.6346643,0.398505459,-171.9617134,6.985621143,-7.256350734,-6.857928774,-7.543669831,165482.4685,4048547.248,631.1561641,2.85703114,18.71156359,18.71156359,2.583796099,-15.5399602,0.244415914,74.57142857,848.281,767.641,847.5127463,313,16.0,0.0
Molecule_857,857,0.311249282,0.480375915,-0.027636217,-0.032409983,-0.029891205,0.688573463,0.805,0.844830021,1.443243273,0.00246031,0.002368144,-0.605749352,-0.726262815,-0.984221185,-0.027246303,-0.039151965,-0.033196973,1.737173972,4.989337175,1.485616346,25.46607297,6.803485701,0.11225813,0.001368125,0.110475378,0.190312582,0.521735245,0.962015304,-0.121084497,-0.165019976,-0.143368184,0.340175455,0.588750427,5.549369574,3.20894632,57.39847807,19.06859563,1.764396135,0.002627514,0.010082564,1.751735623,-183.8344877,0.454918224,-186.3253419,6.706800287,-7.023583963,-6.568671029,-7.213720145,192175.7122,4627665.318,678.6658822,2.936481529,18.42926397,18.42926397,2.17330205,-16.01323117,0.193866416,64.33333333,908.381,819.677,907.5814945,339,17.0,0.0
Molecule_1085,1085,0.329305987,0.500428196,-0.03182106,-0.01682106,-0.02464212,0.67064212,0.805,0.774389542,1.382389542,0.003517894,0.00317894,-0.564066927,-0.688173181,-0.957160324,-0.026105301,-0.013926361,-0.019926361,1.73582106,4.952463181,1.51335788,24.43860087,6.667315904,0.092977908,0.002,0.09064212,0.241477995,0.537131569,1.063442144,-0.17782106,-0.062284241,-0.11964212,0.354,0.58764212,5.522,4.089220916,57.06173711,19.01292636,1.463370689,0.001,0.004,1.458242265,-127.2308746,0.21563412,-128.9085784,10.51797123,-7.007969513,-6.792369441,-7.564088294,78872.25331,1896675.457,437.1225784,2.79360427,17.11395484,17.11395484,1.291721703,-13.13299686,0.440270241,71.25581395,629.704,583.336,629.2877567,229,19.0,0.0
Molecule_1136,1136,0.36219002,0.544656379,-0.025243933,-0.002486054,-0.013864994,0.638024832,0.804540958,0.642935539,1.258936536,0.004462247,0.00454055,-0.549160989,-0.663525322,-0.943732311,-0.030592053,-0.006322631,-0.018457047,1.746298613,4.917374764,1.521000184,24.08718894,6.619598447,0.108682359,0.002,0.106136595,0.284642974,0.548385672,1.154215017,-0.147432819,-0.023835251,-0.085404809,0.356784667,0.58505254,5.509540327,4.303919263,56.77915413,18.96551213,1.292094841,0.00045945,0.002,1.289370603,-151.689922,0.010182196,-153.7161976,14.42608077,-7.318276447,-7.308123463,-8.038870353,107178.9247,2610797.8,512.0532864,3.083935212,17.9160355,17.9160355,1.387193791,-13.46584046,0.244951168,56.76923077,748.783,701.407,748.288485,271,20.0,0.0
Molecule_1171,1171,0.368876676,0.566152362,-0.025950763,0.002452061,-0.012053629,0.630792192,0.803013407,0.603784168,1.220737241,0.005269573,0.004993296,-0.543945425,-0.663730264,-0.953782794,-0.022577285,-0.001532778,-0.012389549,1.739552761,4.924478732,1.523277331,23.96584205,6.603019911,0.130633122,0.002932818,0.128012967,0.297554543,0.541343917,1.133636139,-0.135528918,-0.048655707,-0.092058722,0.354910535,0.599100494,5.504684826,4.206973941,56.69557063,18.95175165,1.271778687,0.001,0.002993298,1.26788805,-165.2564415,0.056346133,-167.3169191,19.5797269,-7.768457258,-7.712128819,-8.388143942,122928.1289,3022027.213,545.8281904,2.987559805,17.86062723,17.86062723,1.533666667,-13.7007023,0.137835596,54.56363636,817.868,767.468,817.2769343,293,22.0,0.0
Molecule_1331,1331,0.3253,0.49632,-0.034,-0.034,-0.034,0.675,0.805,0.784,1.391,0.002,0.002,-0.60364428,-0.71641,-0.98005,-0.046,-0.051,-0.049,1.743,4.973,1.49,25.404,6.796,0.1207,0.001,0.119,0.21333662,0.53348,1.00553,-0.125,-0.15,-0.137,0.357,0.558,5.552,3.0,57.246,19.043,1.5715,0.004,0.007,1.561,-105.0724128,0.4408704,-106.4447715,7.463,-7.262,-6.8211,-7.5038,54200.26562,1298631.993,363.069412,2.5789,16.19675265,16.19675265,1.233042564,-12.51353576,0.630111161,76.34285714,523.58,483.26,523.2458919,189,23.0,0.0
Molecule_1520,1520,0.324685959,0.495977696,-0.022052303,-0.026508325,-0.024011492,0.675646545,0.805,0.777566625,1.384780997,0.003214971,0.003462356,-0.584091492,-0.705179602,-0.973719007,-0.028041675,-0.031584477,-0.029613796,1.737775,4.967646545,1.505566963,24.91651626,6.731715711,0.117054018,0.002,0.11512212,0.243450482,0.536057414,1.00766651,-0.096759189,-0.121356572,-0.109326703,0.348763508,0.568039948,5.547635916,3.349577434,57.04851291,19.0103862,1.786579357,0.002612932,0.007872409,1.776035742,-173.7354036,0.13106023,-176.1677894,11.87828295,-7.310480868,-7.179433339,-7.668879179,171114.0105,4237891.227,647.547131,3.288488021,18.04701919,18.04701919,2.3037893,-15.25152096,0.155314553,59.03448276,872.259,795.651,871.4763608,319,25.0,0.0
Molecule_1557,1557,0.35508,0.53477,-0.028,-0.006,-0.017,0.645,0.805,0.649,1.265,0.0047,0.005,-0.55765003,-0.67312,-0.95399,-0.026,-0.006,-0.016,1.746,4.927,1.52,24.282,6.646,0.1064,0.002,0.104,0.2953577,0.54699,1.11991,-0.17,-0.023,-0.097,0.358,0.567,5.528,4.19,56.71,18.954,1.4177,0.001,0.003,1.414,-195.0844314,0.03075285,-197.774043,15.932,-7.0791,-7.0483,-7.8897,208685.7035,5122482.542,711.603235,3.222,19.51403595,19.51403595,2.05985566,-16.1828501,0.153679189,58.21538462,969.376,885.712,968.5291246,357,26.0,0.0
Molecule_1579,1579,0.314805903,0.48460049,-0.030190148,-0.033558668,-0.031874401,0.684984358,0.805,0.858452507,1.455285912,0.00273725,0.002437257,-0.609179938,-0.723616159,-0.984985908,-0.023780522,-0.04581341,-0.035015573,1.73018648,4.993546962,1.489828753,25.54126062,6.813862137,0.101443336,0.001437243,0.100225889,0.211473545,0.528169287,0.989463118,-0.142854779,-0.158999371,-0.150927075,0.339772947,0.57826889,5.553635191,3.054334153,57.25959209,19.04556436,1.644767599,0.002684323,0.006813815,1.635484949,-191.7375985,0.672301634,-194.3057587,8.641020741,-7.428208071,-6.755872013,-7.533927691,200398.2141,4822161.239,691.9647209,2.749425475,19.20444148,19.20444148,2.958037077,-16.29703156,0.196115123,62.48387097,939.391,849.679,938.5760748,351,28.0,0.0
Molecule_1616,1616,0.321960061,0.493349904,-0.029000235,-0.033997417,-0.031998826,0.678,0.805,0.799001409,1.404001174,0.001900352,0.002000235,-0.61596398,-0.721796234,-0.981907535,-0.040995774,-0.054991782,-0.047993661,1.742997887,4.977998591,1.478006574,25.72179456,6.836972999,0.127693496,0.001000235,0.125993426,0.217122303,0.534998673,1.012332987,-0.108012914,-0.153988965,-0.131000939,0.354998122,0.552006809,5.557996478,3.005165763,57.22199178,19.03899883,1.65561282,0.003999296,0.007,1.645013383,-167.4502774,0.399415106,-169.753512,6.702185486,-7.098770252,-6.699368561,-7.348494342,162007.5302,3954681.348,625.0456675,2.807531533,18.60386431,18.60386431,2.69240166,-15.71303028,0.231374255,68.07272727,836.27,755.63,835.5127463,309,29.0,0.0
Molecule_1765,1765,0.31354,0.4818,-0.024,-0.036,-0.03,0.686,0.805,0.815,1.418,0.0022,0.002,-0.58698938,-0.71828,-0.97829,-0.026,-0.047,-0.036,1.74,4.978,1.5,24.993,6.741,0.1034,0.002,0.102,0.1470872,0.52287,0.93051,-0.099,-0.236,-0.168,0.351,0.576,5.55,2.879,57.686,19.116,1.7066,0.005,0.006,1.696,-201.0404876,0.27245504,-203.8314559,11.134,-6.8131,-6.5406,-6.9742,201311.3794,4919740.681,698.356599,2.684,18.99155041,18.99155041,1.39051963,-14.78377475,0.139781526,57.94202899,997.178,929.642,996.4232046,363,30.0,0.0
Molecule_1861,1861,0.297006406,0.468457213,-0.019167802,-0.041055934,-0.030111868,0.703440661,0.805,0.911482974,1.499874512,0.002677626,0.002944066,-0.602973379,-0.727823439,-0.978939946,-0.003727141,-0.059888132,-0.031335603,1.730335603,4.997608463,1.479944066,25.40429474,6.795216925,0.095481713,0.002,0.093615273,0.11710729,0.499121785,0.884427827,-0.120167802,-0.244384727,-0.181776264,0.341223736,0.623440661,5.536167802,2.913034052,57.8856644,19.14994407,1.757256224,0.005,0.008,1.744433851,-200.18669,0.366824442,-203.0872179,7.894800045,-6.717996695,-6.351188958,-6.891557006,207913.0113,4944319.14,708.6724315,2.723339154,19.16549658,19.16549658,1.457246332,-14.99496574,0.14139303,57.13043478,977.21,901.61,976.5239047,365,32.0,0.0
Molecule_1871,1871,0.308851018,0.477420016,-0.021048919,-0.040622296,-0.031097837,0.690866889,0.805,0.860481199,1.456663229,0.002595108,0.002475541,-0.59192761,-0.724451215,-0.979114526,-0.017755407,-0.054244593,-0.036,1.734902163,4.989769052,1.487230948,25.12857671,6.758733778,0.102580665,0.002,0.101133111,0.11523622,0.503768193,0.918432452,-0.11281797,-0.235195674,-0.174244593,0.348475541,0.607293511,5.540328785,3.000651912,57.8984619,19.15190216,1.736676905,0.006048919,0.007524459,1.723,-193.0231758,0.412080292,-195.795773,11.11002025,-7.06677002,-6.65468313,-7.187789486,184895.7265,4457336.008,672.2904348,2.814857005,18.11028104,18.11028104,1.273792749,-14.31473024,0.168838045,49.97014925,948.084,883.572,947.4358179,349,33.0,0.0
Molecule_1946,1946,0.319300899,0.487627188,-0.024009817,-0.038357112,-0.031,0.680642888,0.805,0.817927139,1.420690446,0.002736693,0.003,-0.58677861,-0.708076492,-0.974027884,-0.020406195,-0.0439411,-0.031990183,1.741623255,4.966909031,1.506386562,24.97801965,6.740376747,0.1031399,0.002,0.10075349,0.177378943,0.530671874,0.885806378,-0.114613438,-0.240207243,-0.177226876,0.323922992,0.595207243,5.550256326,2.990245425,57.48449956,19.08297775,1.877579168,0.002990183,0.010990183,1.863833116,-223.155147,0.406677795,-226.481566,9.677707444,-6.847405545,-6.440732485,-6.901476725,268482.2961,6351787.036,806.0702384,2.822589092,18.90620286,18.90620286,1.601870589,-15.1597627,0.112718547,52.31168831,1084.406,995.702,1083.622556,409,35.0,0.0
Molecule_2003,2003,0.318717486,0.487259974,-0.023962804,-0.03896269,-0.031962729,0.6809999,0.805,0.817962399,1.419974883,0.002799999,0.003,-0.587592736,-0.707240303,-0.972748645,-0.019950404,-0.044912787,-0.031937836,1.741012448,4.966037177,1.506012552,24.99816363,6.742887648,0.103431129,0.002,0.101037335,0.181883058,0.529522567,0.885793597,-0.117937919,-0.238925484,-0.177937926,0.325887881,0.598000036,5.547074716,3.007313506,57.45458514,19.0780996,1.860314241,0.002987552,0.011987587,1.8455354,-243.2863011,0.416216579,-246.791074,7.881261526,-6.835235409,-6.418983502,-6.887266257,310733.8742,7214301.658,858.9680109,2.760644113,19.98979921,19.98979921,1.893377926,-16.10660045,0.099756721,54.12195122,1163.549,1061.741,1162.72227,445,36.0,0.0
Molecule_2031,2031,0.32717,0.49616,-0.027,-0.02,-0.023,0.673,0.806,0.751,1.361,0.0029,0.003,-0.57697198,-0.694,-0.9669,-0.032,-0.025,-0.028,1.745,4.949,1.513,24.739,6.708,0.0992,0.002,0.097,0.30791174,0.54248,0.96799,-0.119,-0.105,-0.112,0.338,0.602,5.517,3.626,56.628,18.94,1.918,0.002,0.008,1.907,-256.2497349,0.01063257,-260.0695624,14.271,-7.3313,-7.3207,-7.643,349650.5713,8289596.508,918.88458,3.5096,20.66325779,20.66325779,1.787383557,-16.12545242,0.09153192,49.75280899,1243.594,1145.818,1242.69097,469,38.0,0.0
Molecule_2047,2047,0.320322239,0.503026263,-0.022977368,-0.040992456,-0.031984912,0.680026404,0.805003772,0.779192369,1.387165965,0.002599623,0.002996228,-0.606116627,-0.710701655,-0.986466665,-0.018950965,-0.048015088,-0.032984912,1.743992456,4.966022632,1.504988684,25.44168359,6.801822719,0.095821123,0.002,0.09401886,0.183149582,0.524709665,0.890571124,-0.107973596,-0.246007544,-0.176988684,0.338973596,0.595026404,5.542011316,2.923366315,57.44637719,19.07706035,1.807045974,0.003996228,0.009007544,1.794143334,-262.4436468,0.329314167,-266.182735,11.02482216,-6.669151298,-6.339908719,-6.795416728,355233.9463,8215671.315,916.4209796,2.792284158,19.94915058,19.94915058,1.917392495,-16.12207122,0.05467403,51.72727273,1248.655,1139.791,1247.775034,479,39.0,0.0
Molecule_2059,2059,0.325144148,0.494706217,-0.027157639,-0.023000006,-0.025157642,0.674684721,0.805157642,0.752527095,1.362527093,0.002831528,0.003,-0.571704511,-0.697506493,-0.96878345,-0.031315282,-0.030527079,-0.030842361,1.743157639,4.954527084,1.511315285,24.61860054,6.691265953,0.109105413,0.002,0.106842357,0.238506766,0.531680796,0.95460953,-0.11578819,-0.136842411,-0.1263153,0.343896496,0.591103487,5.533000015,3.292039554,57.0807932,19.01568475,1.890395836,0.003684717,0.006315285,1.880832778,-229.5750953,0.095291624,-232.9216472,17.68651075,-7.343558204,-7.248251738,-7.652598315,275329.172,6516407.145,814.9025102,3.296526176,18.77932786,18.77932786,1.626609316,-15.18740158,0.066309729,50.4556962,1113.404,1025.708,1112.61272,419,41.0,0.0
Molecule_2137,2137,0.318753267,0.487196116,-0.023,-0.036788226,-0.03,0.68136682,0.805,0.81431598,1.417376806,0.002582489,0.002978001,-0.590775795,-0.711931979,-0.979223265,-0.021568292,-0.039273693,-0.030356518,1.742869115,4.969543864,1.507036665,25.07197178,6.752723295,0.100506462,0.002,0.098802892,0.179234325,0.529590135,0.889895019,-0.104195773,-0.233382579,-0.1687274,0.321247406,0.602403711,5.547239997,3.075068542,57.47200804,19.08122617,1.841640938,0.002,0.011716005,1.828207347,-231.6036692,0.367233736,-235.0364224,8.242380481,-6.649701437,-6.282484386,-6.724970792,295234.9013,6877267.354,838.1901656,2.777431131,18.80269362,18.80269362,1.801719545,-15.58619251,0.162061047,56.75949367,1116.536,1015.736,1115.721542,427,42.0,0.0
Molecule_2411,2411,0.358655204,0.540957678,-0.024689313,0.002048474,-0.011398091,0.641747708,0.805,0.64019465,1.255262589,0.004584466,0.004844657,-0.546318978,-0.672269216,-0.947931037,-0.026446565,-0.000174808,-0.013310687,1.744980535,4.927058395,1.520223283,24.02486525,6.610835112,0.114225192,0.002,0.111825192,0.27191368,0.539943546,1.108654392,-0.152067939,-0.030631294,-0.091349617,0.346378626,0.60053397,5.512951526,4.166639334,56.86295228,18.97974771,1.422663642,0.001,0.002310687,1.419690818,-255.1927919,0.048623064,-258.0925995,22.60927806,-7.643519578,-7.594917594,-8.311800541,227600.8564,5512069.317,735.8383113,3.300331671,19.31569532,19.31569532,1.60820704,-15.10632615,0.092786491,45.71428571,1225.047,1169.607,1224.343157,443,43.0,0.0
Molecule_2488,2488,0.31429178,0.485013488,-0.018595524,-0.029409028,-0.02391561,0.685890515,0.805,0.800755935,1.405253659,0.004360745,0.004413335,-0.54471043,-0.708292893,-0.990429697,-0.002186496,-0.036569193,-0.019531923,1.720967281,4.987459463,1.520733421,23.98873742,6.605809719,0.097451212,0.002,0.095392546,0.206922548,0.514262472,0.93591354,-0.104384678,-0.153611015,-0.128945257,0.333108138,0.624655175,5.528321322,3.067625501,57.28895121,19.05051434,1.765348915,0.00491561,0.005413335,1.754747821,-229.5935715,0.088619102,-232.1496012,18.24529428,-7.607635824,-7.519005003,-7.937720581,184249.7855,4395733.528,659.5805875,3.064181925,18.46500356,18.46500356,1.605052944,-14.94270024,0.109812025,45.72972973,1095.973,1039.525,1095.358079,399,45.0,0.0
Molecule_2498,2498,0.32172,0.49132,-0.02,-0.025,-0.022,0.678,0.805,0.764,1.373,0.0033,0.003,-0.56702384,-0.70818,-0.98005,-0.022,-0.023,-0.022,1.74,4.968,1.515,24.505,6.676,0.1137,0.002,0.111,0.22897116,0.53474,0.93212,-0.093,-0.155,-0.124,0.322,0.589,5.554,3.267,57.144,19.026,1.9391,0.002,0.009,1.929,-275.1717003,0.13610611,-278.2500471,13.218,-7.6086,-7.4725,-7.8319,267846.9637,6293613.25,790.298438,3.2189,19.29609423,19.29609423,1.800426975,-15.53475691,0.053309319,45.04545455,1296.211,1223.635,1295.474171,479,46.0,0.0
Molecule_2651,2651,0.32341,0.49355,-0.023,-0.017,-0.02,0.677,0.805,0.748,1.358,0.003,0.003,-0.57259919,-0.69765,-0.9656,-0.026,-0.026,-0.026,1.745,4.953,1.509,24.642,6.695,0.1091,0.002,0.107,0.2647651,0.53261,0.95652,-0.122,-0.121,-0.121,0.345,0.595,5.528,3.313,56.909,18.987,1.9746,0.003,0.007,1.965,-246.5409165,0.01268462,-249.9881522,21.42400001,-7.391700001,-7.379000001,-7.737400001,308216.8224,7395313.594,860.707895,3.5507,19.54398459,19.54398459,1.678878107,-15.49417898,0.08605164,52.76190476,1204.495,1115.791,1203.585519,447,48.0,0.0
Molecule_2723,2723,0.300251924,0.470653013,-0.019071001,-0.043154353,-0.030825514,0.699535976,0.805000007,0.895209641,1.485978585,0.00276912,0.002822033,-0.595087972,-0.726478917,-0.981974204,-0.007287957,-0.057359569,-0.03207366,1.731040704,4.995353064,1.489541934,25.20329677,6.768869447,0.089785379,0.00182204,0.087963243,0.119210377,0.502837995,0.91585211,-0.105954802,-0.239565726,-0.172849241,0.346987905,0.616489134,5.533461896,2.99687468,57.87190817,19.14713988,1.702108595,0.007129227,0.005622345,1.689486307,-222.1722503,0.368623535,-225.4504749,8.21915354,-6.76987141,-6.401269325,-6.937985079,270167.2215,6318710.395,803.2262504,2.724465199,18.96148494,18.96148494,1.657211427,-15.33650498,0.146781688,58.68421053,1074.455,979.703,1073.674592,409,49.0,0.0
Molecule_2762,2762,0.318295475,0.488573448,-0.023032015,-0.037,-0.03,0.681903954,0.805,0.825175302,1.427207318,0.001503202,0.001032015,-0.626739134,-0.72648963,-0.983745083,-0.020655533,-0.06,-0.040064031,1.746967985,4.978903954,1.466105134,26.00681277,6.87418144,0.115930059,0.001,0.114591503,0.157772683,0.524286069,0.935501632,-0.115527472,-0.218967985,-0.166967985,0.347536559,0.572871938,5.555032015,2.774437563,57.61464169,19.10450454,1.749340049,0.004,0.007967985,1.737855148,-215.0485282,0.369833347,-218.2743465,10.83838096,-6.854784112,-6.484929632,-7.020464566,250308.3844,5889930.609,774.9733415,2.750421965,17.94302219,17.94302219,0.256122448,-15.33013601,0.123722342,54.77027027,1045.373,957.677,1044.62289,395,51.0,0.0
Molecule_2770,2770,0.318900532,0.486655266,-0.023703015,-0.036703015,-0.03,0.681296985,0.805,0.817078896,1.419781911,0.002570301,0.002703015,-0.594527789,-0.712499679,-0.983094849,-0.021703015,-0.038703015,-0.029703015,1.74159397,4.971296985,1.507812059,25.16051763,6.764533674,0.095053367,0.002,0.092890955,0.191944792,0.531381713,0.89555036,-0.10459397,-0.22940603,-0.167,0.327109045,0.594078896,5.546703015,3.097624119,57.38742463,19.06718794,1.7988084,0.002703015,0.01159397,1.78480051,-216.8653911,0.359036183,-220.0784027,8.28742147,-6.714350802,-6.355348882,-6.786780246,257795.9313,6023300.394,785.7028402,2.746233224,18.69552219,18.69552219,1.773420139,-15.73314527,0.12424783,56.27027027,1048.417,955.681,1047.658942,399,52.0,0.0
Molecule_3217,3217,0.321243339,0.492144348,-0.031525254,-0.029272712,-0.030373729,0.678424237,0.805,0.809121186,1.413171695,0.002497983,0.002525254,-0.597105212,-0.717442587,-0.978924122,-0.033494915,-0.036515084,-0.034767626,1.738121186,4.979272712,1.489636442,25.26083589,6.776252198,0.11405549,0.001525254,0.112515084,0.192845056,0.534922217,0.994961455,-0.147838476,-0.140191863,-0.143777797,0.347222203,0.561606102,5.555747457,3.378041544,57.38175763,19.06562627,1.60370412,0.001949491,0.006,1.595686951,-141.6961853,0.481603848,-143.4924145,7.406818307,-7.013106982,-6.531569402,-7.267858473,96220.01536,2236708.036,476.7653335,2.586698,17.20429083,17.20429083,1.917814214,-14.16644781,0.287639246,68.34782609,681.821,623.357,681.3765717,255,53.0,0.0
Molecule_3301,3301,0.323543264,0.494050654,-0.031031605,-0.022031184,-0.027031184,0.676060471,0.805,0.802234932,1.406221131,0.003501675,0.003016119,-0.573738928,-0.70796316,-0.974342392,-0.023999789,-0.016999368,-0.020015487,1.731937843,4.976075747,1.512001054,24.66505973,6.697879794,0.09596122,0.002,0.093953329,0.187652026,0.536102879,0.986687008,-0.179998946,-0.119094605,-0.149046881,0.340968395,0.568047092,5.555015908,3.73219754,57.41570965,19.07195164,1.63388119,0.001,0.005,1.627776333,-157.6938057,0.595283832,-159.6765894,12.44894627,-7.171242504,-6.575976481,-7.396322962,116013.8953,2685917.425,522.0846769,2.616422109,18.23917308,18.23917308,2.129142692,-14.73251189,0.381115833,65.60784314,752.9,689.396,752.4136855,283,55.0,0.0
Molecule_3524,3524,0.317925957,0.48596855,-0.02109191,-0.03680116,-0.029,0.68180116,0.805,0.823920448,1.425828538,0.002619884,0.003,-0.594140084,-0.712776216,-0.981550746,-0.01680116,-0.038382659,-0.02789307,1.741,4.971219662,1.506816181,25.15235583,6.763492728,0.099099912,0.002,0.096887268,0.19389327,0.530235905,0.891177429,-0.083348168,-0.23048037,-0.157183819,0.32369423,0.599012357,5.546831201,3.104253405,57.37470718,19.06460232,1.887676525,0.002,0.01209191,1.873236944,-238.1139737,0.382299339,-241.7985053,7.186562605,-6.742422654,-6.360131032,-6.803529651,318554.1902,7545007.827,881.1830999,3.011004933,19.88435178,19.88435178,1.780459213,-15.9843165,0.104063892,48.91566265,1160.548,1063.78,1159.690242,439,56.0,0.0
Molecule_enant_3683,3683,0.32294,0.49306,-0.027,-0.019,-0.023,0.677,0.805,0.764,1.373,0.0026,0.003,-0.57590651,-0.70345,-0.97267,-0.037,-0.027,-0.032,1.743,4.961,1.51,24.718,6.705,0.1121,0.002,0.11,0.25343781,0.54349,1.01691,-0.109,-0.093,-0.101,0.349,0.573,5.535,3.646,56.983,19.0,1.7892,0.004,0.005,1.78,-153.3832272,0.02250428,-155.401557,13.212,-7.0781,-7.0556,-7.4957,110325.5783,2642048.395,516.206377,3.2476,18.10548154,18.10548154,1.091475682,-13.48703637,0.305944779,63.61538462,752.819,701.411,752.3310185,275,58.0,0.0
Molecule_enant_3785,3785,0.303343074,0.472570299,-0.031309887,-0.037380226,-0.034690113,0.696661584,0.805,0.893659619,1.484688148,0.001776045,0.001690113,-0.622781823,-0.74017516,-0.987386951,-0.031958189,-0.054549434,-0.043098868,1.738098868,5.00218249,1.459338416,25.92078505,6.862041811,0.109099065,0.001,0.108268076,0.126321366,0.516274372,0.97041693,-0.146872603,-0.191520905,-0.169041811,0.347169208,0.585844074,5.550788981,3.139840144,57.82462716,19.13960453,1.55756729,0.003,0.006380226,1.547211019,-126.7774497,0.588709928,-128.4223205,7.678941451,-6.654214814,-6.065470198,-6.840521109,78902.17478,1855320.732,434.5234507,2.463547713,16.87862906,16.87862906,1.038412107,-13.07752086,0.520920713,74.57142857,621.729,571.329,621.3302902,229,59.0,0.0
Molecule_enant_3976,3976,0.30463,0.47414,-0.027,-0.034,-0.031,0.695,0.805,0.907,1.496,0.0026,0.003,-0.62185174,-0.73443,-0.98941,-0.017,-0.049,-0.033,1.733,5.002,1.462,25.895,6.859,0.1006,0.001,0.099,0.1738742,0.51328,0.96396,-0.15,-0.159,-0.154,0.346,0.586,5.554,3.063,57.507,19.087,1.7224,0.004,0.008,1.711,-223.5480002,0.51044924,-226.5407521,5.6,-7.4064,-6.896,-7.6401,267463.2687,6346968.059,795.265692,2.8841,19.97997908,19.97997908,2.159304106,-17.22696379,0.095196639,59.16666667,1080.605,975.773,1079.691439,409,61.0,0.0
Molecule_enant_3989,3989,0.33339,0.50966,-0.023,-0.033,-0.028,0.667,0.805,0.759,1.368,0.003,0.003,-0.58070209,-0.69024,-0.94912,-0.015,-0.045,-0.03,1.741,4.95,1.504,24.839,6.721,0.1139,0.002,0.112,0.20705997,0.52196,0.96105,-0.159,-0.164,-0.161,0.354,0.582,5.542,2.965,57.288,19.05,1.6029,0.004,0.009,1.59,-176.9567345,0.62477393,-179.4014538,8.283,-7.2319,-6.6072,-7.3515,181495.0879,4396485.686,660.00425,2.6717,18.54585694,18.54585694,2.909835286,-16.30209812,0.192627743,68.27586207,878.351,791.663,877.5596965,327,62.0,0.0
Molecule_enant_4060,4060,0.335113532,0.508593319,-0.028584359,-0.013731075,-0.021494717,0.665082505,0.804861453,0.736730782,1.346520005,0.003915728,0.004,-0.558590098,-0.686965432,-0.968535952,-0.021528493,-0.00742381,-0.014722906,1.739515848,4.947465055,1.514108376,24.31157703,6.650210763,0.100059648,0.002861453,0.097563404,0.25827322,0.528071521,0.990880698,-0.150072169,-0.044041644,-0.0972967,0.352581117,0.588400149,5.530488556,3.77922184,56.95148133,18.99456772,1.648204585,0.001861453,0.003861453,1.642924321,-130.6679263,0.108864488,-132.597027,9.444564823,-7.35163942,-7.242775026,-7.862951274,89938.56608,2218010.666,475.6736306,3.148957101,17.51246137,17.51246137,1.123714044,-13.12801576,0.253933957,56.60869565,659.733,615.381,659.277192,237,64.0,0.0
Molecule_enant_4160,4160,0.37041,0.55732,-0.025,-0.008,-0.016,0.63,0.804,0.598,1.215,0.0045,0.004,-0.54472074,-0.66513,-0.95432,-0.019,-0.007,-0.013,1.754,4.911,1.521,23.986,6.606,0.1146,0.002,0.113,0.2692577,0.53811,1.04394,-0.141,-0.026,-0.083,0.359,0.578,5.525,3.921,56.88,18.982,1.4919,0.001,0.003,1.487,-124.2389562,0.08278795,-125.9873337,10.936,-7.2802,-7.1974,-7.8073,79421.60816,1936333.572,443.045176,3.0384,17.37818888,17.37818888,1.161628401,-13.15464286,0.325756357,64.74418605,623.7,579.348,623.277192,225,65.0,0.0
Molecule_enant_4263,4263,0.317973555,0.486479686,-0.025677395,-0.03664521,-0.031,0.682,0.805677395,0.81564521,1.41864521,0.002432261,0.002,-0.590167122,-0.714304138,-0.980155411,-0.02135479,-0.038290421,-0.02964521,1.743,4.97135479,1.507677395,25.0568705,6.751032185,0.096264521,0.002,0.094,0.175652599,0.532662965,0.892971004,-0.118967815,-0.230290421,-0.174967815,0.317,0.600709579,5.550322605,3.124452103,57.49570958,19.08467739,1.737177395,0.002,0.01,1.725,-130.0783788,0.390123402,-131.84043,8.165159403,-6.65714597,-6.267033324,-6.72256191,83873.39879,2001972.011,450.8760687,2.493760847,17.28725114,17.28725114,0.972495105,-13.33238757,0.319264173,63.90909091,643.735,595.351,643.3146402,235,66.0,0.0
Molecule_enant_4529,4529,0.318657265,0.491266693,-0.02601016,-0.024907309,-0.025225401,0.681261586,0.805,0.769261586,1.37779492,0.002915873,0.003,-0.577996525,-0.688822588,-0.965574129,-0.02786729,-0.04113271,-0.03479492,1.743261586,4.945261586,1.513215241,24.76199046,6.711189839,0.087777834,0.002,0.085820945,0.321078378,0.540989348,0.966550199,-0.13627558,-0.123681907,-0.129814617,0.318996167,0.639,5.500758111,3.507600802,56.54349002,18.9263295,1.703764626,0.001523173,0.007476827,1.694672371,-174.6658264,0.557724223,-177.0790071,11.64859953,-7.717284243,-7.159570832,-7.764245688,147846.6996,3542619.999,596.7989173,2.981373734,18.66940415,18.66940415,1.290395591,-14.34579558,0.148644139,58.46666667,856.971,797.499,856.3936188,315,68.0,0.0
Molecule_enant_4595,4595,0.298466188,0.468536979,-0.023520458,-0.043355525,-0.033479542,0.701479542,0.805,0.903099627,1.49297561,0.002475324,0.002479542,-0.596532558,-0.728236635,-0.982155985,-0.011080563,-0.058877252,-0.034916899,1.73128895,4.996791613,1.487488676,25.23847806,6.773728373,0.087816884,0.002,0.086098358,0.108148844,0.500288546,0.907397725,-0.132223644,-0.240212195,-0.186061249,0.347543579,0.619251842,5.532850324,2.970712371,57.94615276,19.15945642,1.593553802,0.005875983,0.006124017,1.58137464,-154.3961928,0.346419921,-156.5106553,8.70007722,-6.7301514,-6.383675893,-6.900052966,121706.6502,2860658.306,538.517924,2.415329245,18.21978948,18.21978948,1.321828272,-14.35640967,0.169394473,69.0,753.935,691.439,753.4241906,281,69.0,0.0
Molecule_enant_4670,4670,0.318854487,0.487225551,-0.026720765,-0.038720765,-0.032720765,0.680837706,0.805720765,0.808279235,1.412279235,0.002276612,0.002720765,-0.587261772,-0.712895453,-0.974967589,-0.023116941,-0.048630057,-0.035513117,1.742837706,4.96970979,1.501218623,24.99905243,6.742384168,0.10496496,0.001720765,0.10315132,0.142331254,0.525373651,0.892299033,-0.124207648,-0.247649178,-0.185928413,0.330980879,0.591335563,5.55255847,2.871471963,57.71708444,19.12178138,1.73879095,0.00255847,0.008883059,1.726707574,-147.2776669,0.354092872,-149.3446352,8.431879652,-6.718200885,-6.364084757,-6.815244609,108260.6895,2572339.44,509.6528565,2.487239436,16.63653106,16.63653106,0.457520987,-13.74753838,0.287338462,60.74,724.853,669.413,724.3724894,267,71.0,0.0
Molecule_enant_4687,4687,0.317289555,0.485580148,-0.026014986,-0.037562544,-0.031577531,0.683,0.805985014,0.823814966,1.425814966,0.002301499,0.002,-0.594979844,-0.71443024,-0.980420753,-0.022622489,-0.038547558,-0.030592517,1.743422469,4.971,1.506562544,25.17313428,6.766214907,0.095873718,0.002,0.094029972,0.172665678,0.530269902,0.883992874,-0.118059945,-0.239020185,-0.178547558,0.316044959,0.604347538,5.549014986,3.064801713,57.51553328,19.0881101,1.753224245,0.002,0.010422469,1.741027018,-155.4125645,0.406126284,-157.5558321,7.618065249,-6.574908216,-6.168786163,-6.634803607,124105.1788,2902509.262,543.8592963,2.503962926,18.0223644,18.0223644,1.398629271,-14.49833676,0.218424035,62.69230769,755.951,691.439,755.4398407,283,72.0,0.0
Molecule_enant_4803,4803,0.304096744,0.474721961,-0.024695924,-0.039544654,-0.032620287,0.695977308,0.805,0.877141739,1.470529472,0.00224883,0.00200044,-0.606401924,-0.725997981,-0.983205664,-0.018866145,-0.051207504,-0.035210696,1.737909815,4.987875692,1.480305402,25.490603,6.806437363,0.094013925,0.001712348,0.092228557,0.119323044,0.506859862,0.900567291,-0.136933862,-0.231969195,-0.184413271,0.3387426,0.614577311,5.540270536,2.944621706,57.87185548,19.14738528,1.683140608,0.003984454,0.006304519,1.672786805,-200.9903403,0.40016918,-203.6527201,11.00856894,-6.898397663,-6.498270902,-7.017362785,193808.1223,4472549.502,674.0769385,2.543433389,18.92111238,18.92111238,1.595993421,-15.10743655,0.105992575,56.72727273,956.189,875.549,955.5559331,363,74.0,0.0
Molecule_enant_4935,4935,0.29843,0.46805,-0.02,-0.043,-0.032,0.702,0.805,0.908,1.497,0.0025,0.003,-0.60098215,-0.72737,-0.9823,-0.01,-0.059,-0.035,1.733,4.994,1.481,25.354,6.789,0.0943,0.002,0.093,0.11887778,0.49907,0.90158,-0.121,-0.232,-0.176,0.345,0.623,5.532,2.959,57.874,19.148,1.7578,0.006,0.007,1.745,-269.9168952,0.30958495,-273.8530276,8.892,-6.8267,-6.5171,-7.0242,401830.7505,9350372.13,970.986568,2.7862,19.67863458,19.67863458,1.966810323,-16.2072081,0.11723,75.74193548,1300.818,1183.89,1299.846742,499,75.0,0.0
Molecule_enant_4958,4958,0.318733201,0.488002711,-0.024675013,-0.025549814,-0.02494992,0.681199787,0.805675013,0.781948857,1.388374003,0.003359989,0.003324987,-0.570935818,-0.700794561,-0.973232574,-0.024175279,-0.034149708,-0.029,1.739150239,4.962399575,1.512324987,24.59910494,6.688750664,0.100215077,0.002,0.09805008,0.244398324,0.527151437,0.929959488,-0.114324987,-0.148324455,-0.130824721,0.335874801,0.614374535,5.522475226,3.246956298,57.04334312,19.00994886,1.950660627,0.00294992,0.009350027,1.938100691,-293.3240006,0.031484317,-297.5855312,14.45957905,-7.20578924,-7.174317156,-7.491143849,458992.0797,10792721.16,1041.284013,3.458102823,20.73588814,20.73588814,1.919811651,-16.44617356,0.091541383,69.76470588,1417.881,1301.961,1416.831821,539,77.0,0.0
Molecule_enant_5042,5042,0.299130226,0.472238913,-0.02100513,-0.04399743,-0.032002562,0.700999978,0.805,0.894969153,1.485974292,0.003299487,0.003,-0.59275914,-0.720986193,-0.98475544,-0.00301027,-0.064989722,-0.033999997,1.728005138,4.992989724,1.500989764,25.12799707,6.75999739,0.083606932,0.002,0.082005139,0.107654212,0.494468466,0.868115122,-0.128002536,-0.237007684,-0.182007672,0.347010232,0.628976901,5.529005143,2.812235835,57.94899178,19.15999991,1.751529372,0.006999995,0.00599744,1.73893091,-319.6627635,0.383920987,-324.1897021,11.63900631,-6.89391666,-6.510004398,-7.035247883,537719.8217,12375062.66,1118.515837,2.777546524,21.06573291,21.06573291,2.226947631,-17.16966408,0.048583948,68.96296296,1517.099,1380.011,1515.994135,587,78.0,0.0
Molecule_enant_5167,5167,0.321006004,0.493070668,-0.014648092,-0.021888554,-0.018592369,0.678759538,0.805,0.752574799,1.362574799,0.003583283,0.003648092,-0.561875473,-0.686447987,-0.96574123,-0.017870984,-0.034184739,-0.025703815,1.736222892,4.950240462,1.517888554,24.38285694,6.660058736,0.109875653,0.002,0.108240462,0.315910955,0.535204131,0.980294418,-0.076296185,-0.118536646,-0.097240462,0.338703815,0.639592369,5.485759538,3.308891567,56.57670984,18.93168625,1.812797942,0.003648092,0.006,1.803944277,-255.2103911,0.13278331,-258.1208839,11.28056877,-7.71207957,-7.579263404,-7.862903514,228111.8247,5516148.97,736.7476074,3.483841616,19.32316818,19.32316818,1.695138688,-15.26942029,0.092786491,45.71428571,1225.047,1169.607,1224.343157,443,79.0,0.0
Molecule_enant_5261,5261,0.30759139,0.476441645,-0.014089015,-0.030955493,-0.022044507,0.692465911,0.805,0.820730123,1.422997167,0.003066761,0.003044507,-0.578383127,-0.72936439,-0.992963296,-0.010376896,-0.039222537,-0.02482197,1.730332389,4.999376896,1.504979163,24.78449927,6.71347825,0.109670645,0.002,0.107643941,0.174972934,0.506313466,0.939740572,-0.092089015,-0.173777463,-0.132910985,0.346287882,0.615468744,5.531198867,3.110069184,57.50027088,19.08586364,1.735893182,0.006,0.007044507,1.721910985,-228.5762547,0.073234344,-231.1107688,9.508461884,-7.342617904,-7.269337123,-7.594645357,181392.4903,4344985.886,654.3053303,2.989580397,17.95949597,17.95949597,1.617113389,-14.81051993,0.122010555,48.86486486,1093.957,1039.525,1093.342429,397,81.0,0.0
Molecule_enant_5278,5278,0.32217,0.4914,-0.022,-0.023,-0.022,0.678,0.806,0.752,1.362,0.0029,0.003,-0.56828225,-0.7071,-0.98284,-0.025,-0.024,-0.025,1.742,4.965,1.516,24.533,6.68,0.1085,0.002,0.106,0.24257661,0.53398,0.93717,-0.089,-0.145,-0.117,0.33,0.594,5.543,3.344,57.054,19.011,1.8137,0.002,0.008,1.804,-231.7466589,0.05381744,-234.3257023,10.362,-7.2483,-7.1945,-7.5168,188332.7592,4499710.029,666.316665,3.0642,18.09872244,18.09872244,1.647408014,-14.91112692,0.122007164,49.6,1107.984,1051.536,1107.358079,403,82.0,0.0
Molecule_enant_5473,5473,0.330583695,0.50160434,-0.02349962,-0.012253615,-0.018,0.669620763,0.805937189,0.716421002,1.329737428,0.003,0.003,-0.558479916,-0.692400483,-0.970880161,-0.02449962,-0.01349962,-0.018936429,1.743879617,4.948495141,1.516620763,24.30502455,6.649378651,0.119227194,0.002,0.116821284,0.287343419,0.538062789,0.991447736,-0.114451004,-0.074180327,-0.094315666,0.341941667,0.591317186,5.528874378,3.621463965,56.76218033,18.96288647,1.824938561,0.002,0.007,1.816014163,-260.2747002,0.023059137,-262.859337,17.58055496,-7.78207333,-7.758992221,-8.220016944,202480.5826,4824420.64,685.1687919,3.303833379,17.97326243,17.97326243,1.798021105,-15.10948687,0.121997222,45.3902439,1229.951,1177.535,1229.317198,445,84.0,0.0
Molecule_enant_5644,5644,0.31957,0.48878,-0.017,-0.029,-0.023,0.68,0.806,0.785,1.391,0.0029,0.003,-0.57666763,-0.71085,-0.98227,-0.018,-0.029,-0.023,1.741,4.97,1.513,24.731,6.707,0.105,0.002,0.103,0.22181893,0.53578,0.91992,-0.084,-0.177,-0.131,0.318,0.595,5.551,3.294,57.191,19.034,1.8248,0.002,0.01,1.813,-187.3539417,0.15900676,-189.6874448,11.741,-7.1388,-6.9798,-7.2978,142353.0139,3454828.259,585.252379,2.9265,18.18275445,18.18275445,1.279519368,-14.20729314,0.129071906,52.28571429,915.882,865.482,915.3207096,331,85.0,0.0
Molecule_enant_5649,5649,0.32103,0.49,-0.018,-0.027,-0.022,0.679,0.806,0.768,1.376,0.0028,0.003,-0.57945598,-0.71582,-0.98733,-0.023,-0.027,-0.025,1.742,4.974,1.513,24.797,6.716,0.106,0.002,0.104,0.22546551,0.53194,0.92687,-0.075,-0.169,-0.122,0.325,0.595,5.548,3.339,57.167,19.03,1.8569,0.002,0.009,1.846,-224.8287443,0.13271913,-227.6247811,15.927,-7.1646,-7.0319,-7.3812,203094.8128,4913608.326,695.68158,3.1303,19.13689182,19.13689182,1.175859638,-14.74981771,0.104227913,57.23684211,1092.057,1033.593,1091.379287,397,87.0,0.0
Molecule_enant_5880,5880,0.303305083,0.474496618,-0.014243325,-0.040590723,-0.027243325,0.696476015,0.805,0.858729315,1.45592544,0.003754014,0.003895928,-0.573979509,-0.719370124,-0.985485329,0.003129123,-0.055902674,-0.026527106,1.725415519,4.99432527,1.506766167,24.67852747,6.699582839,0.097044172,0.002,0.095030084,0.140247061,0.501693328,0.907902277,-0.079775177,-0.21299991,-0.146321289,0.344880479,0.625927528,5.52775617,2.937781519,57.73092567,19.12408216,1.782721314,0.007243325,0.00578511,1.769957476,-190.4953037,0.128725139,-192.8670086,12.27274553,-7.129186372,-7.00045864,-7.381815015,185459.9003,4945650.261,672.9745336,2.998531611,18.47174696,18.47174696,1.120092376,-14.14955209,0.139094017,49.46875,1030.655,976.223,1027.174706,339,88.0,0.0
Molecule_enant_5889,5889,0.318197716,0.487092959,-0.018852187,-0.029413877,-0.024118251,0.681354752,0.805970437,0.780980699,1.387714635,0.002938431,0.003029563,-0.572702131,-0.711695527,-0.983723096,-0.022260933,-0.030798192,-0.026059125,1.740260933,4.97176863,1.513147813,24.63894869,6.694640117,0.10693098,0.002,0.104733936,0.205227812,0.529470484,0.909640782,-0.072881749,-0.185975568,-0.12944344,0.323532128,0.599064256,5.548172245,3.166870265,57.30034181,19.05253726,1.876431272,0.002177376,0.009881749,1.864275103,-205.4760773,0.120355136,-208.0105698,10.72463086,-7.157762326,-7.037361813,-7.35751527,209693.8131,5551105.64,713.358138,3.085273418,18.80916393,18.80916393,1.171967155,-14.33296129,0.141112303,52.17391304,1099.718,1042.262,1096.19617,365,90.0,0.0
